LAM,Th_P90,Th_P90_corr,Th_P0,Th_P0_corr,Th_UnPol,Th_UnPol_corr,Lab_P90,Lab_P90_corr,Lab_P0,Lab_P0_corr,Lab_Unpol,Lab_Unpol_corr,,U-Arm
0.3701,0.5674,0.3079,0.0086,0.0047,0.288,0.1563,0.5137,0.2788,0.0063,0.0034,0.260,0.1411,,0.542733643986811
0.3702,0.5748,0.3120,0.0070,0.0038,0.2909,0.1579,0.5171,0.2806,0.0057,0.0031,0.2614,0.1419,,0.542733643986811
0.3702,0.5822,0.3160,0.0055,0.0030,0.2939,0.1595,0.5204,0.2824,0.0051,0.0028,0.2627,0.1426,,0.542733643986811
0.3703,0.5895,0.3199,0.0042,0.0023,0.2969,0.1611,0.527,0.2860,0.0039,0.0021,0.2655,0.1441,,0.542733643986811
0.3704,0.5967,0.3238,0.0031,0.0017,0.2999,0.1628,0.5337,0.2897,0.0029,0.0016,0.2683,0.1456,,0.542733643986811
0.3705,0.6039,0.3278,0.0022,0.0012,0.303,0.1644,0.5402,0.2932,0.0021,0.0011,0.2712,0.1472,,0.542733643986811
0.3706,0.611,0.3316,0.0014,0.0008,0.3062,0.1662,0.5467,0.2967,0.0014,0.0008,0.2741,0.1488,,0.542733643986811
0.3707,0.6181,0.3355,0.0008,0.0004,0.3094,0.1679,0.5532,0.3002,0.0009,0.0005,0.277,0.1503,,0.542733643986811
0.3708,0.6251,0.3393,0.0004,0.0002,0.3127,0.1697,0.5596,0.3037,0.0005,0.0003,0.280,0.1520,,0.542733643986811
0.3709,0.632,0.3430,0.0001,0.0001,0.3161,0.1716,0.5659,0.3071,0.0002,0.0001,0.2831,0.1536,,0.542733643986811
0.371,0.6389,0.3468,0.0000,0.0000,0.3195,0.1734,0.5722,0.3106,0.0001,0.0001,0.2862,0.1553,,0.542733643986811
0.3711,0.6457,0.3504,0.0001,0.0001,0.3229,0.1752,0.5784,0.3139,0.0002,0.0001,0.2893,0.1570,,0.542733643986811
0.3712,0.6525,0.3541,0.0003,0.0002,0.3264,0.1771,0.5846,0.3173,0.0004,0.0002,0.2925,0.1587,,0.542733643986811
0.3713,0.6592,0.3578,0.0007,0.0004,0.3299,0.1790,0.5907,0.3206,0.0008,0.0004,0.2957,0.1605,,0.542733643986811
0.3714,0.6658,0.3614,0.0013,0.0007,0.3335,0.1810,0.5967,0.3238,0.0013,0.0007,0.299,0.1623,,0.542733643986811
0.3715,0.6723,0.3649,0.0020,0.0011,0.3372,0.1830,0.6026,0.3271,0.0019,0.0010,0.3023,0.1641,,0.542733643986811
0.3716,0.6788,0.3684,0.0029,0.0016,0.3409,0.1850,0.6086,0.3303,0.0027,0.0015,0.3056,0.1659,,0.542733643986811
0.3717,0.6853,0.3719,0.0039,0.0021,0.3446,0.1870,0.6144,0.3335,0.0037,0.0020,0.309,0.1677,,0.542733643986811
0.3718,0.6916,0.3754,0.0052,0.0028,0.3484,0.1891,0.6202,0.3366,0.0048,0.0026,0.3125,0.1696,,0.542733643986811
0.3719,0.6979,0.3788,0.0066,0.0036,0.3522,0.1912,0.6259,0.3397,0.006,0.0033,0.316,0.1715,,0.542733643986811
0.372,0.7041,0.3821,0.0081,0.0044,0.3561,0.1933,0.6316,0.3428,0.0074,0.0040,0.3195,0.1734,,0.542733643986811
0.3721,0.7103,0.3855,0.0098,0.0053,0.3601,0.1954,0.6372,0.3458,0.009,0.0049,0.3231,0.1754,,0.542733643986811
0.3722,0.7164,0.3888,0.0117,0.0063,0.364,0.1976,0.6427,0.3488,0.0107,0.0058,0.3267,0.1773,,0.542733643986811
0.3723,0.7224,0.3921,0.0138,0.0075,0.3681,0.1998,0.6482,0.3518,0.0125,0.0068,0.3304,0.1793,,0.542733643986811
0.3724,0.7284,0.3953,0.0159,0.0086,0.3722,0.2020,0.6537,0.3548,0.0145,0.0079,0.3341,0.1813,,0.542733643986811
0.3725,0.7343,0.3985,0.0183,0.0099,0.3763,0.2042,0.659,0.3577,0.0166,0.0090,0.3378,0.1833,,0.542733643986811
0.3726,0.7401,0.4017,0.0208,0.0113,0.3804,0.2065,0.6643,0.3605,0.0188,0.0102,0.3416,0.1854,,0.542733643986811
0.3727,0.7458,0.4048,0.0235,0.0128,0.3847,0.2088,0.6696,0.3634,0.0212,0.0115,0.3454,0.1875,,0.542733643986811
0.3728,0.7515,0.4079,0.0263,0.0143,0.3889,0.2111,0.6747,0.3662,0.0238,0.0129,0.3493,0.1896,,0.542733643986811
0.3729,0.757,0.4108,0.0293,0.0159,0.3932,0.2134,0.6798,0.3690,0.0265,0.0144,0.3531,0.1916,,0.542733643986811
0.373,0.7625,0.4138,0.0324,0.0176,0.3975,0.2157,0.6848,0.3717,0.0293,0.0159,0.3571,0.1938,,0.542733643986811
0.3731,0.7679,0.4168,0.0357,0.0194,0.4018,0.2181,0.6898,0.3744,0.0322,0.0175,0.361,0.1959,,0.542733643986811
0.3732,0.7733,0.4197,0.0392,0.0213,0.4062,0.2205,0.6946,0.3770,0.0353,0.0192,0.365,0.1981,,0.542733643986811
0.3733,0.7785,0.4225,0.0428,0.0232,0.4106,0.2228,0.6994,0.3796,0.0385,0.0209,0.369,0.2003,,0.542733643986811
0.3734,0.7837,0.4253,0.0465,0.0252,0.4151,0.2253,0.7041,0.3821,0.0419,0.0227,0.373,0.2024,,0.542733643986811
0.3735,0.7887,0.4281,0.0504,0.0274,0.4196,0.2277,0.7088,0.3847,0.0454,0.0246,0.3771,0.2047,,0.542733643986811
0.3736,0.7937,0.4308,0.0544,0.0295,0.4241,0.2302,0.7133,0.3871,0.049,0.0266,0.3812,0.2069,,0.542733643986811
0.3737,0.7986,0.4334,0.0585,0.0317,0.4286,0.2326,0.7178,0.3896,0.0527,0.0286,0.3853,0.2091,,0.542733643986811
0.3738,0.8035,0.4361,0.0628,0.0341,0.4331,0.2351,0.7222,0.3920,0.0566,0.0307,0.3894,0.2113,,0.542733643986811
0.3739,0.8082,0.4386,0.0672,0.0365,0.4377,0.2376,0.7265,0.3943,0.0606,0.0329,0.3935,0.2136,,0.542733643986811
0.374,0.8128,0.4411,0.0718,0.0390,0.4423,0.2401,0.7308,0.3966,0.0647,0.0351,0.3977,0.2158,,0.542733643986811
0.3741,0.8174,0.4436,0.0765,0.0415,0.4469,0.2425,0.7349,0.3989,0.0689,0.0374,0.4019,0.2181,,0.542733643986811
0.3742,0.8219,0.4461,0.0813,0.0441,0.4516,0.2451,0.739,0.4011,0.0732,0.0397,0.4061,0.2204,,0.542733643986811
0.3743,0.8263,0.4485,0.0862,0.0468,0.4563,0.2476,0.743,0.4033,0.0776,0.0421,0.4103,0.2227,,0.542733643986811
0.3744,0.8306,0.4508,0.0913,0.0496,0.4609,0.2501,0.747,0.4054,0.0822,0.0446,0.4146,0.2250,,0.542733643986811
0.3745,0.8348,0.4531,0.0965,0.0524,0.4656,0.2527,0.7508,0.4075,0.0869,0.0472,0.4189,0.2274,,0.542733643986811
0.3746,0.839,0.4554,0.1018,0.0553,0.4704,0.2553,0.7546,0.4095,0.0917,0.0498,0.4231,0.2296,,0.542733643986811
0.3747,0.843,0.4575,0.1072,0.0582,0.4751,0.2579,0.7583,0.4116,0.0965,0.0524,0.4274,0.2320,,0.542733643986811
0.3748,0.847,0.4597,0.1127,0.0612,0.4799,0.2605,0.762,0.4136,0.1015,0.0551,0.4318,0.2344,,0.542733643986811
0.3749,0.8509,0.4618,0.1184,0.0643,0.4846,0.2630,0.7655,0.4155,0.1066,0.0579,0.4361,0.2367,,0.542733643986811
0.375,0.8547,0.4639,0.1242,0.0674,0.4894,0.2656,0.769,0.4174,0.1118,0.0607,0.4404,0.2390,,0.542733643986811
0.3751,0.8584,0.4659,0.13,0.0706,0.4942,0.2682,0.7724,0.4192,0.1171,0.0636,0.4448,0.2414,,0.542733643986811
0.3752,0.862,0.4678,0.136,0.0738,0.499,0.2708,0.7757,0.4210,0.1225,0.0665,0.4491,0.2437,,0.542733643986811
0.3753,0.8655,0.4697,0.1421,0.0771,0.5038,0.2734,0.779,0.4228,0.128,0.0695,0.4535,0.2461,,0.542733643986811
0.3754,0.869,0.4716,0.1483,0.0805,0.5086,0.2760,0.7821,0.4245,0.1336,0.0725,0.4579,0.2485,,0.542733643986811
0.3755,0.8723,0.4734,0.1546,0.0839,0.5135,0.2787,0.7852,0.4262,0.1392,0.0755,0.4622,0.2509,,0.542733643986811
0.3756,0.8756,0.4752,0.1609,0.0873,0.5183,0.2813,0.7882,0.4278,0.145,0.0787,0.4666,0.2532,,0.542733643986811
0.3757,0.8788,0.4770,0.1674,0.0909,0.5231,0.2839,0.7912,0.4294,0.1508,0.0818,0.471,0.2556,,0.542733643986811
0.3758,0.8819,0.4786,0.1739,0.0944,0.5279,0.2865,0.794,0.4309,0.1567,0.0850,0.4754,0.2580,,0.542733643986811
0.3759,0.8849,0.4803,0.1806,0.0980,0.5327,0.2891,0.7968,0.4325,0.1627,0.0883,0.4797,0.2603,,0.542733643986811
0.376,0.8878,0.4818,0.1873,0.1017,0.5375,0.2917,0.7995,0.4339,0.1687,0.0916,0.4841,0.2627,,0.542733643986811
0.3761,0.8907,0.4834,0.1941,0.1053,0.5424,0.2944,0.8021,0.4353,0.1749,0.0949,0.4885,0.2651,,0.542733643986811
0.3762,0.8934,0.4849,0.201,0.1091,0.5472,0.2970,0.8047,0.4367,0.1811,0.0983,0.4929,0.2675,,0.542733643986811
0.3763,0.8961,0.4863,0.2079,0.1128,0.552,0.2996,0.8072,0.4381,0.1874,0.1017,0.4973,0.2699,,0.542733643986811
0.3764,0.8987,0.4878,0.215,0.1167,0.5568,0.3022,0.8096,0.4394,0.1937,0.1051,0.5017,0.2723,,0.542733643986811
0.3765,0.9012,0.4891,0.2221,0.1205,0.5616,0.3048,0.8119,0.4406,0.2001,0.1086,0.506,0.2746,,0.542733643986811
0.3766,0.9036,0.4904,0.2292,0.1244,0.5664,0.3074,0.8142,0.4419,0.2066,0.1121,0.5104,0.2770,,0.542733643986811
0.3767,0.9059,0.4917,0.2364,0.1283,0.5712,0.3100,0.8164,0.4431,0.2131,0.1157,0.5148,0.2794,,0.542733643986811
0.3768,0.9082,0.4929,0.2437,0.1323,0.5759,0.3126,0.8185,0.4442,0.2197,0.1192,0.5191,0.2817,,0.542733643986811
0.3769,0.9104,0.4941,0.251,0.1362,0.5807,0.3152,0.8206,0.4454,0.2263,0.1228,0.5235,0.2841,,0.542733643986811
0.377,0.9125,0.4952,0.2584,0.1402,0.5854,0.3177,0.8226,0.4465,0.233,0.1265,0.5278,0.2865,,0.542733643986811
0.3771,0.9145,0.4963,0.2658,0.1443,0.5901,0.3203,0.8245,0.4475,0.2397,0.1301,0.5321,0.2888,,0.542733643986811
0.3772,0.9165,0.4974,0.2732,0.1483,0.5949,0.3229,0.8264,0.4485,0.2464,0.1337,0.5364,0.2911,,0.542733643986811
0.3773,0.9184,0.4984,0.2807,0.1523,0.5995,0.3254,0.8282,0.4495,0.2532,0.1374,0.5407,0.2935,,0.542733643986811
0.3774,0.9202,0.4994,0.2882,0.1564,0.6042,0.3279,0.8299,0.4504,0.26,0.1411,0.545,0.2958,,0.542733643986811
0.3775,0.9219,0.5003,0.2958,0.1605,0.6089,0.3305,0.8316,0.4513,0.2669,0.1449,0.5492,0.2981,,0.542733643986811
0.3776,0.9236,0.5013,0.3034,0.1647,0.6135,0.3330,0.8332,0.4522,0.2738,0.1486,0.5535,0.3004,,0.542733643986811
0.3777,0.9251,0.5021,0.3111,0.1688,0.6181,0.3355,0.8347,0.4530,0.2807,0.1523,0.5577,0.3027,,0.542733643986811
0.3778,0.9266,0.5029,0.3188,0.1730,0.6227,0.3380,0.8362,0.4538,0.2877,0.1561,0.5619,0.3050,,0.542733643986811
0.3779,0.9281,0.5037,0.3265,0.1772,0.6273,0.3405,0.8376,0.4546,0.2947,0.1599,0.5661,0.3072,,0.542733643986811
0.378,0.9294,0.5044,0.3342,0.1814,0.6318,0.3429,0.8389,0.4553,0.3017,0.1637,0.5703,0.3095,,0.542733643986811
0.3781,0.9307,0.5051,0.342,0.1856,0.6363,0.3453,0.8401,0.4560,0.3088,0.1676,0.5745,0.3118,,0.542733643986811
0.3782,0.9319,0.5058,0.3498,0.1898,0.6408,0.3478,0.8413,0.4566,0.3159,0.1714,0.5786,0.3140,,0.542733643986811
0.3783,0.933,0.5064,0.3577,0.1941,0.6453,0.3502,0.8424,0.4572,0.323,0.1753,0.5827,0.3163,,0.542733643986811
0.3784,0.934,0.5069,0.3655,0.1984,0.6498,0.3527,0.8435,0.4578,0.3301,0.1792,0.5868,0.3185,,0.542733643986811
0.3785,0.935,0.5075,0.3734,0.2027,0.6542,0.3551,0.8445,0.4583,0.3373,0.1831,0.5909,0.3207,,0.542733643986811
0.3786,0.9359,0.5079,0.3812,0.2069,0.6585,0.3574,0.8454,0.4588,0.3444,0.1869,0.5949,0.3229,,0.542733643986811
0.3787,0.9367,0.5084,0.3891,0.2112,0.6629,0.3598,0.8462,0.4593,0.3516,0.1908,0.5989,0.3250,,0.542733643986811
0.3788,0.9374,0.5088,0.397,0.2155,0.6672,0.3621,0.847,0.4597,0.3588,0.1947,0.6029,0.3272,,0.542733643986811
0.3789,0.9381,0.5091,0.4049,0.2198,0.6715,0.3644,0.8478,0.4601,0.3659,0.1986,0.6068,0.3293,,0.542733643986811
0.379,0.9387,0.5095,0.4128,0.2240,0.6757,0.3667,0.8484,0.4605,0.3731,0.2025,0.6108,0.3315,,0.542733643986811
0.3791,0.9392,0.5097,0.4207,0.2283,0.68,0.3691,0.849,0.4608,0.3803,0.2064,0.6146,0.3336,,0.542733643986811
0.3792,0.9397,0.5100,0.4285,0.2326,0.6841,0.3713,0.8496,0.4611,0.3874,0.2103,0.6185,0.3357,,0.542733643986811
0.3793,0.9401,0.5102,0.4364,0.2368,0.6883,0.3736,0.85,0.4613,0.3946,0.2142,0.6223,0.3377,,0.542733643986811
0.3794,0.9405,0.5104,0.4443,0.2411,0.6924,0.3758,0.8505,0.4616,0.4017,0.2180,0.6261,0.3398,,0.542733643986811
0.3795,0.9408,0.5106,0.4521,0.2454,0.6964,0.3780,0.8508,0.4618,0.4089,0.2219,0.6299,0.3419,,0.542733643986811
0.3796,0.941,0.5107,0.4599,0.2496,0.7005,0.3802,0.8511,0.4619,0.416,0.2258,0.6336,0.3439,,0.542733643986811
0.3797,0.9412,0.5108,0.4677,0.2538,0.7044,0.3823,0.8514,0.4621,0.4231,0.2296,0.6372,0.3458,,0.542733643986811
0.3798,0.9413,0.5109,0.4755,0.2581,0.7084,0.3845,0.8516,0.4622,0.4302,0.2335,0.6409,0.3478,,0.542733643986811
0.3799,0.9414,0.5109,0.4832,0.2622,0.7123,0.3866,0.8518,0.4623,0.4372,0.2373,0.6445,0.3498,,0.542733643986811
0.38,0.9414,0.5109,0.4909,0.2664,0.7162,0.3887,0.8519,0.4624,0.4442,0.2411,0.6481,0.3517,,0.542733643986811
0.3801,0.9414,0.5109,0.4986,0.2706,0.72,0.3908,0.852,0.4624,0.4512,0.2449,0.6516,0.3536,,0.542733643986811
0.3802,0.9414,0.5109,0.5062,0.2747,0.7238,0.3928,0.852,0.4624,0.4582,0.2487,0.6551,0.3555,,0.542733643986811
0.3803,0.9413,0.5109,0.5139,0.2789,0.7276,0.3949,0.852,0.4624,0.4651,0.2524,0.6585,0.3574,,0.542733643986811
0.3804,0.9411,0.5108,0.5214,0.2830,0.7313,0.3969,0.8519,0.4624,0.472,0.2562,0.662,0.3593,,0.542733643986811
0.3805,0.9409,0.5107,0.529,0.2871,0.7349,0.3989,0.8518,0.4623,0.4789,0.2599,0.6653,0.3611,,0.542733643986811
0.3806,0.9406,0.5105,0.5365,0.2912,0.7386,0.4009,0.8516,0.4622,0.4857,0.2636,0.6687,0.3629,,0.542733643986811
0.3807,0.9403,0.5103,0.5439,0.2952,0.7421,0.4028,0.8514,0.4621,0.4925,0.2673,0.672,0.3647,,0.542733643986811
0.3808,0.94,0.5102,0.5514,0.2993,0.7457,0.4047,0.8511,0.4619,0.4993,0.2710,0.6752,0.3665,,0.542733643986811
0.3809,0.9395,0.5099,0.5588,0.3033,0.7492,0.4066,0.8508,0.4618,0.506,0.2746,0.6784,0.3682,,0.542733643986811
0.381,0.939,0.5096,0.5661,0.3072,0.7526,0.4085,0.8504,0.4615,0.5127,0.2783,0.6816,0.3699,,0.542733643986811
0.3811,0.9385,0.5094,0.5735,0.3113,0.756,0.4103,0.85,0.4613,0.5194,0.2819,0.6847,0.3716,,0.542733643986811
0.3812,0.9379,0.5090,0.5807,0.3152,0.7593,0.4121,0.8495,0.4611,0.526,0.2855,0.6877,0.3732,,0.542733643986811
0.3813,0.9373,0.5087,0.588,0.3191,0.7626,0.4139,0.849,0.4608,0.5326,0.2891,0.6908,0.3749,,0.542733643986811
0.3814,0.9366,0.5083,0.5952,0.3230,0.7659,0.4157,0.8484,0.4605,0.5391,0.2926,0.6937,0.3765,,0.542733643986811
0.3815,0.9359,0.5079,0.6023,0.3269,0.7691,0.4174,0.8477,0.4601,0.5456,0.2961,0.6967,0.3781,,0.542733643986811
0.3816,0.9351,0.5075,0.6095,0.3308,0.7723,0.4192,0.8471,0.4597,0.5521,0.2996,0.6996,0.3797,,0.542733643986811
0.3817,0.9342,0.5070,0.6165,0.3346,0.7754,0.4208,0.8464,0.4594,0.5585,0.3031,0.7024,0.3812,,0.542733643986811
0.3818,0.9334,0.5066,0.6235,0.3384,0.7785,0.4225,0.8456,0.4589,0.5649,0.3066,0.7052,0.3827,,0.542733643986811
0.3819,0.9325,0.5061,0.6305,0.3422,0.7815,0.4241,0.8448,0.4585,0.5712,0.3100,0.708,0.3843,,0.542733643986811
0.382,0.9315,0.5056,0.6374,0.3459,0.7845,0.4258,0.844,0.4581,0.5774,0.3134,0.7107,0.3857,,0.542733643986811
0.3821,0.9305,0.5050,0.6442,0.3496,0.7874,0.4273,0.8431,0.4576,0.5837,0.3168,0.7134,0.3872,,0.542733643986811
0.3822,0.9295,0.5045,0.651,0.3533,0.7903,0.4289,0.8422,0.4571,0.5898,0.3201,0.716,0.3886,,0.542733643986811
0.3823,0.9285,0.5039,0.6577,0.3570,0.7931,0.4304,0.8413,0.4566,0.5959,0.3234,0.7186,0.3900,,0.542733643986811
0.3824,0.9274,0.5033,0.6643,0.3605,0.7959,0.4320,0.8404,0.4561,0.6019,0.3267,0.7211,0.3914,,0.542733643986811
0.3825,0.9263,0.5027,0.6708,0.3641,0.7986,0.4334,0.8394,0.4556,0.6078,0.3299,0.7236,0.3927,,0.542733643986811
0.3826,0.9252,0.5021,0.6773,0.3676,0.8013,0.4349,0.8384,0.4550,0.6137,0.3331,0.7261,0.3941,,0.542733643986811
0.3827,0.9241,0.5015,0.6837,0.3711,0.8039,0.4363,0.8374,0.4545,0.6195,0.3362,0.7285,0.3954,,0.542733643986811
0.3828,0.9229,0.5009,0.690,0.3745,0.8065,0.4377,0.8364,0.4539,0.6253,0.3394,0.7308,0.3966,,0.542733643986811
0.3829,0.9217,0.5002,0.6963,0.3779,0.809,0.4391,0.8353,0.4533,0.631,0.3425,0.7331,0.3979,,0.542733643986811
0.383,0.9205,0.4996,0.7025,0.3813,0.8115,0.4404,0.8342,0.4527,0.6366,0.3455,0.7354,0.3991,,0.542733643986811
0.3831,0.9193,0.4989,0.7086,0.3846,0.8139,0.4417,0.8331,0.4522,0.6422,0.3485,0.7377,0.4004,,0.542733643986811
0.3832,0.918,0.4982,0.7146,0.3878,0.8163,0.4430,0.832,0.4516,0.6477,0.3515,0.7398,0.4015,,0.542733643986811
0.3833,0.9167,0.4975,0.7206,0.3911,0.8187,0.4443,0.8309,0.4510,0.6531,0.3545,0.742,0.4027,,0.542733643986811
0.3834,0.9154,0.4968,0.7265,0.3943,0.821,0.4456,0.8298,0.4504,0.6585,0.3574,0.7441,0.4038,,0.542733643986811
0.3835,0.9141,0.4961,0.7323,0.3974,0.8232,0.4468,0.8286,0.4497,0.6638,0.3603,0.7462,0.4050,,0.542733643986811
0.3836,0.9128,0.4954,0.7381,0.4006,0.8254,0.4480,0.8274,0.4491,0.669,0.3631,0.7482,0.4061,,0.542733643986811
0.3837,0.9114,0.4946,0.7438,0.4037,0.8276,0.4492,0.8262,0.4484,0.6742,0.3659,0.7502,0.4072,,0.542733643986811
0.3838,0.91,0.4939,0.7494,0.4067,0.8297,0.4503,0.825,0.4478,0.6793,0.3687,0.7522,0.4082,,0.542733643986811
0.3839,0.9086,0.4931,0.7549,0.4097,0.8318,0.4514,0.8237,0.4470,0.6844,0.3714,0.7541,0.4093,,0.542733643986811
0.384,0.9071,0.4923,0.7604,0.4127,0.8338,0.4525,0.8225,0.4464,0.6894,0.3742,0.7559,0.4103,,0.542733643986811
0.3841,0.9057,0.4916,0.7658,0.4156,0.8358,0.4536,0.8212,0.4457,0.6944,0.3769,0.7578,0.4113,,0.542733643986811
0.3842,0.9042,0.4907,0.7712,0.4186,0.8377,0.4546,0.8199,0.4450,0.6992,0.3795,0.7596,0.4123,,0.542733643986811
0.3843,0.9027,0.4899,0.7764,0.4214,0.8395,0.4556,0.8186,0.4443,0.7041,0.3821,0.7613,0.4132,,0.542733643986811
0.3844,0.9011,0.4891,0.7816,0.4242,0.8414,0.4567,0.8172,0.4435,0.7088,0.3847,0.763,0.4141,,0.542733643986811
0.3845,0.8996,0.4882,0.7867,0.4270,0.8431,0.4576,0.8159,0.4428,0.7135,0.3872,0.7647,0.4150,,0.542733643986811
0.3846,0.898,0.4874,0.7918,0.4297,0.8449,0.4586,0.8145,0.4421,0.7181,0.3897,0.7663,0.4159,,0.542733643986811
0.3847,0.8964,0.4865,0.7967,0.4324,0.8466,0.4595,0.8131,0.4413,0.7226,0.3922,0.7679,0.4168,,0.542733643986811
0.3848,0.8948,0.4856,0.8016,0.4351,0.8482,0.4603,0.8118,0.4406,0.7271,0.3946,0.7694,0.4176,,0.542733643986811
0.3849,0.8932,0.4848,0.8064,0.4377,0.8498,0.4612,0.8104,0.4398,0.7315,0.3970,0.7709,0.4184,,0.542733643986811
0.385,0.8916,0.4839,0.8111,0.4402,0.8513,0.4620,0.809,0.4391,0.7359,0.3994,0.7724,0.4192,,0.542733643986811
0.3851,0.8899,0.4830,0.8157,0.4427,0.8528,0.4628,0.8076,0.4383,0.7401,0.4017,0.7738,0.4200,,0.542733643986811
0.3852,0.8883,0.4821,0.8203,0.4452,0.8543,0.4637,0.8061,0.4375,0.7443,0.4040,0.7752,0.4207,,0.542733643986811
0.3853,0.8866,0.4812,0.8247,0.4476,0.8557,0.4644,0.8047,0.4367,0.7485,0.4062,0.7766,0.4215,,0.542733643986811
0.3854,0.885,0.4803,0.8291,0.4500,0.8571,0.4652,0.8033,0.4360,0.7526,0.4085,0.7779,0.4222,,0.542733643986811
0.3855,0.8834,0.4795,0.8335,0.4524,0.8584,0.4659,0.8019,0.4352,0.7566,0.4106,0.7792,0.4229,,0.542733643986811
0.3856,0.8817,0.4785,0.8377,0.4546,0.8597,0.4666,0.8005,0.4345,0.7605,0.4127,0.7805,0.4236,,0.542733643986811
0.3857,0.8801,0.4777,0.8419,0.4569,0.861,0.4673,0.7991,0.4337,0.7644,0.4149,0.7818,0.4243,,0.542733643986811
0.3858,0.8784,0.4767,0.846,0.4592,0.8622,0.4679,0.7977,0.4329,0.7682,0.4169,0.783,0.4250,,0.542733643986811
0.3859,0.8768,0.4759,0.850,0.4613,0.8634,0.4686,0.7963,0.4322,0.7719,0.4189,0.7841,0.4256,,0.542733643986811
0.386,0.8752,0.4750,0.8539,0.4634,0.8646,0.4692,0.7949,0.4314,0.7756,0.4209,0.7853,0.4262,,0.542733643986811
0.3861,0.8735,0.4741,0.8578,0.4656,0.8657,0.4698,0.7936,0.4307,0.7792,0.4229,0.7864,0.4268,,0.542733643986811
0.3862,0.8719,0.4732,0.8616,0.4676,0.8667,0.4704,0.7922,0.4300,0.7827,0.4248,0.7874,0.4273,,0.542733643986811
0.3863,0.8703,0.4723,0.8653,0.4696,0.8678,0.4710,0.7908,0.4292,0.7861,0.4266,0.7885,0.4279,,0.542733643986811
0.3864,0.8687,0.4715,0.8689,0.4716,0.8688,0.4715,0.7894,0.4284,0.7895,0.4285,0.7895,0.4285,,0.542733643986811
0.3865,0.867,0.4706,0.8724,0.4735,0.8697,0.4720,0.788,0.4277,0.7928,0.4303,0.7904,0.4290,,0.542733643986811
0.3866,0.8654,0.4697,0.8759,0.4754,0.8706,0.4725,0.7866,0.4269,0.7961,0.4321,0.7914,0.4295,,0.542733643986811
0.3867,0.8638,0.4688,0.8793,0.4772,0.8715,0.4730,0.7853,0.4262,0.7992,0.4338,0.7922,0.4300,,0.542733643986811
0.3868,0.8622,0.4679,0.8826,0.4790,0.8724,0.4735,0.7839,0.4254,0.8024,0.4355,0.7931,0.4304,,0.542733643986811
0.3869,0.8605,0.4670,0.8858,0.4808,0.8732,0.4739,0.7825,0.4247,0.8054,0.4371,0.7939,0.4309,,0.542733643986811
0.387,0.8589,0.4662,0.889,0.4825,0.8739,0.4743,0.7811,0.4239,0.8084,0.4387,0.7947,0.4313,,0.542733643986811
0.3871,0.8573,0.4653,0.8921,0.4842,0.8747,0.4747,0.7797,0.4232,0.8113,0.4403,0.7955,0.4317,,0.542733643986811
0.3872,0.8556,0.4644,0.8951,0.4858,0.8754,0.4751,0.7783,0.4224,0.8141,0.4418,0.7962,0.4321,,0.542733643986811
0.3873,0.854,0.4635,0.8981,0.4874,0.876,0.4754,0.7769,0.4216,0.8169,0.4434,0.7969,0.4325,,0.542733643986811
0.3874,0.8524,0.4626,0.9009,0.4889,0.8767,0.4758,0.7755,0.4209,0.8196,0.4448,0.7976,0.4329,,0.542733643986811
0.3875,0.8508,0.4618,0.9037,0.4905,0.8773,0.4761,0.7741,0.4201,0.8222,0.4462,0.7982,0.4332,,0.542733643986811
0.3876,0.8492,0.4609,0.9065,0.4920,0.8778,0.4764,0.7727,0.4194,0.8248,0.4476,0.7988,0.4335,,0.542733643986811
0.3877,0.8476,0.4600,0.9091,0.4934,0.8783,0.4767,0.7714,0.4187,0.8273,0.4490,0.7993,0.4338,,0.542733643986811
0.3878,0.846,0.4592,0.9117,0.4948,0.8788,0.4770,0.77,0.4179,0.8297,0.4503,0.7998,0.4341,,0.542733643986811
0.3879,0.8444,0.4583,0.9142,0.4962,0.8793,0.4772,0.7686,0.4171,0.8321,0.4516,0.8003,0.4343,,0.542733643986811
0.388,0.8428,0.4574,0.9166,0.4975,0.8797,0.4774,0.7672,0.4164,0.8343,0.4528,0.8008,0.4346,,0.542733643986811
0.3881,0.8413,0.4566,0.9190,0.4988,0.8801,0.4777,0.7659,0.4157,0.8365,0.4540,0.8012,0.4348,,0.542733643986811
0.3882,0.8397,0.4557,0.9213,0.5000,0.8805,0.4779,0.7645,0.4149,0.8387,0.4552,0.8016,0.4351,,0.542733643986811
0.3883,0.8382,0.4549,0.9235,0.5012,0.8808,0.4780,0.7632,0.4142,0.8408,0.4563,0.802,0.4353,,0.542733643986811
0.3884,0.8367,0.4541,0.9257,0.5024,0.8812,0.4783,0.7618,0.4135,0.8428,0.4574,0.8023,0.4354,,0.542733643986811
0.3885,0.8352,0.4533,0.9277,0.5035,0.8814,0.4784,0.7605,0.4127,0.8448,0.4585,0.8026,0.4356,,0.542733643986811
0.3886,0.8337,0.4525,0.9298,0.5046,0.8817,0.4785,0.7592,0.4120,0.8467,0.4595,0.8029,0.4358,,0.542733643986811
0.3887,0.8322,0.4517,0.9318,0.5057,0.882,0.4787,0.7579,0.4113,0.8485,0.4605,0.8032,0.4359,,0.542733643986811
0.3888,0.8307,0.4508,0.9337,0.5068,0.8822,0.4788,0.7566,0.4106,0.8503,0.4615,0.8034,0.4360,,0.542733643986811
0.3889,0.8293,0.4501,0.9355,0.5077,0.8824,0.4789,0.7553,0.4099,0.852,0.4624,0.8037,0.4362,,0.542733643986811
0.389,0.8279,0.4493,0.9373,0.5087,0.8826,0.4790,0.754,0.4092,0.8537,0.4633,0.8039,0.4363,,0.542733643986811
0.3891,0.8264,0.4485,0.9391,0.5097,0.8828,0.4791,0.7528,0.4086,0.8553,0.4642,0.804,0.4364,,0.542733643986811
0.3892,0.8251,0.4478,0.9407,0.5105,0.8829,0.4792,0.7515,0.4079,0.8568,0.4650,0.8042,0.4365,,0.542733643986811
0.3893,0.8237,0.4470,0.9423,0.5114,0.883,0.4792,0.7503,0.4072,0.8583,0.4658,0.8043,0.4365,,0.542733643986811
0.3894,0.8223,0.4463,0.9439,0.5123,0.8831,0.4793,0.7491,0.4066,0.8598,0.4666,0.8044,0.4366,,0.542733643986811
0.3895,0.821,0.4456,0.9454,0.5131,0.8832,0.4793,0.7479,0.4059,0.8611,0.4673,0.8045,0.4366,,0.542733643986811
0.3896,0.8197,0.4449,0.9468,0.5139,0.8833,0.4794,0.7467,0.4053,0.8625,0.4681,0.8046,0.4367,,0.542733643986811
0.3897,0.8184,0.4442,0.9482,0.5146,0.8833,0.4794,0.7455,0.4046,0.8637,0.4688,0.8046,0.4367,,0.542733643986811
0.3898,0.8171,0.4435,0.9495,0.5153,0.8833,0.4794,0.7443,0.4040,0.8649,0.4694,0.8046,0.4367,,0.542733643986811
0.3899,0.8158,0.4428,0.9508,0.5160,0.8833,0.4794,0.7432,0.4034,0.866,0.4700,0.8046,0.4367,,0.542733643986811
0.39,0.8146,0.4421,0.9519,0.5166,0.8832,0.4793,0.7421,0.4028,0.8671,0.4706,0.8046,0.4367,,0.542733643986811
0.3901,0.8133,0.4414,0.953,0.5172,0.8832,0.4793,0.7409,0.4021,0.8681,0.4711,0.8045,0.4366,,0.542733643986811
0.3902,0.8121,0.4408,0.9541,0.5178,0.8831,0.4793,0.7398,0.4015,0.8691,0.4717,0.8044,0.4366,,0.542733643986811
0.3903,0.8109,0.4401,0.9551,0.5184,0.883,0.4792,0.7387,0.4009,0.87,0.4722,0.8043,0.4365,,0.542733643986811
0.3904,0.8097,0.4395,0.956,0.5189,0.8829,0.4792,0.7376,0.4003,0.8708,0.4726,0.8042,0.4365,,0.542733643986811
0.3905,0.8086,0.4389,0.9569,0.5193,0.8827,0.4791,0.7366,0.3998,0.8716,0.4730,0.8041,0.4364,,0.542733643986811
0.3906,0.8074,0.4382,0.9577,0.5198,0.8825,0.4790,0.7355,0.3992,0.8723,0.4734,0.8039,0.4363,,0.542733643986811
0.3907,0.8063,0.4376,0.9584,0.5202,0.8823,0.4789,0.7345,0.3986,0.8729,0.4738,0.8037,0.4362,,0.542733643986811
0.3908,0.8052,0.4370,0.9591,0.5205,0.8821,0.4787,0.7334,0.3980,0.8736,0.4741,0.8035,0.4361,,0.542733643986811
0.3909,0.8041,0.4364,0.9597,0.5209,0.8819,0.4786,0.7324,0.3975,0.8741,0.4744,0.8033,0.4360,,0.542733643986811
0.391,0.803,0.4358,0.9603,0.5212,0.8816,0.4785,0.7315,0.3970,0.8746,0.4747,0.8031,0.4359,,0.542733643986811
0.3911,0.802,0.4353,0.9608,0.5215,0.8814,0.4784,0.7305,0.3965,0.8751,0.4749,0.8028,0.4357,,0.542733643986811
0.3912,0.8009,0.4347,0.9613,0.5217,0.8811,0.4782,0.7296,0.3960,0.8755,0.4752,0.8026,0.4356,,0.542733643986811
0.3913,0.7999,0.4341,0.9617,0.5219,0.8808,0.4780,0.7287,0.3955,0.8759,0.4754,0.8023,0.4354,,0.542733643986811
0.3914,0.799,0.4336,0.9621,0.5222,0.8805,0.4779,0.7278,0.3950,0.8762,0.4755,0.802,0.4353,,0.542733643986811
0.3915,0.798,0.4331,0.9624,0.5223,0.8802,0.4777,0.7269,0.3945,0.8765,0.4757,0.8017,0.4351,,0.542733643986811
0.3916,0.7971,0.4326,0.9627,0.5225,0.8799,0.4776,0.7261,0.3941,0.8768,0.4759,0.8014,0.4349,,0.542733643986811
0.3917,0.7962,0.4321,0.9629,0.5226,0.8795,0.4773,0.7253,0.3936,0.877,0.4760,0.8011,0.4348,,0.542733643986811
0.3918,0.7953,0.4316,0.9631,0.5227,0.8792,0.4772,0.7245,0.3932,0.8772,0.4761,0.8008,0.4346,,0.542733643986811
0.3919,0.7945,0.4312,0.9632,0.5228,0.8789,0.4770,0.7237,0.3928,0.8774,0.4762,0.8005,0.4345,,0.542733643986811
0.392,0.7936,0.4307,0.9633,0.5228,0.8785,0.4768,0.723,0.3924,0.8775,0.4762,0.8002,0.4343,,0.542733643986811
0.3921,0.7928,0.4303,0.9634,0.5229,0.8781,0.4766,0.7222,0.3920,0.8775,0.4762,0.7999,0.4341,,0.542733643986811
0.3922,0.7921,0.4299,0.9634,0.5229,0.8777,0.4764,0.7215,0.3916,0.8776,0.4763,0.7996,0.4340,,0.542733643986811
0.3923,0.7913,0.4295,0.9634,0.5229,0.8774,0.4762,0.7209,0.3913,0.8776,0.4763,0.7992,0.4338,,0.542733643986811
0.3924,0.7906,0.4291,0.9633,0.5228,0.877,0.4760,0.7202,0.3909,0.8776,0.4763,0.7989,0.4336,,0.542733643986811
0.3925,0.7899,0.4287,0.9632,0.5228,0.8765,0.4757,0.7196,0.3906,0.8775,0.4762,0.7986,0.4334,,0.542733643986811
0.3926,0.7892,0.4283,0.9631,0.5227,0.8761,0.4755,0.719,0.3902,0.8774,0.4762,0.7982,0.4332,,0.542733643986811
0.3927,0.7885,0.4279,0.9629,0.5226,0.8757,0.4753,0.7185,0.3900,0.8773,0.4761,0.7979,0.4330,,0.542733643986811
0.3928,0.7879,0.4276,0.9626,0.5224,0.8753,0.4751,0.7179,0.3896,0.8771,0.4760,0.7975,0.4328,,0.542733643986811
0.3929,0.7873,0.4273,0.9623,0.5223,0.8748,0.4748,0.7174,0.3894,0.8769,0.4759,0.7971,0.4326,,0.542733643986811
0.393,0.7867,0.4270,0.962,0.5221,0.8744,0.4746,0.7169,0.3891,0.8766,0.4758,0.7968,0.4325,,0.542733643986811
0.3931,0.7861,0.4266,0.9616,0.5219,0.8739,0.4743,0.7165,0.3889,0.8763,0.4756,0.7964,0.4322,,0.542733643986811
0.3932,0.7856,0.4264,0.9612,0.5217,0.8734,0.4740,0.716,0.3886,0.876,0.4754,0.796,0.4320,,0.542733643986811
0.3933,0.7851,0.4261,0.9607,0.5214,0.8729,0.4738,0.7156,0.3884,0.8756,0.4752,0.7956,0.4318,,0.542733643986811
0.3934,0.7846,0.4258,0.9602,0.5211,0.8724,0.4735,0.7152,0.3882,0.8752,0.4750,0.7952,0.4316,,0.542733643986811
0.3935,0.7841,0.4256,0.9596,0.5208,0.8718,0.4732,0.7149,0.3880,0.8747,0.4747,0.7948,0.4314,,0.542733643986811
0.3936,0.7837,0.4253,0.9589,0.5204,0.8713,0.4729,0.7145,0.3878,0.8742,0.4745,0.7944,0.4311,,0.542733643986811
0.3937,0.7833,0.4251,0.9582,0.5200,0.8707,0.4726,0.7142,0.3876,0.8737,0.4742,0.7939,0.4309,,0.542733643986811
0.3938,0.7829,0.4249,0.9574,0.5196,0.8702,0.4723,0.7139,0.3875,0.873,0.4738,0.7935,0.4307,,0.542733643986811
0.3939,0.7825,0.4247,0.9566,0.5192,0.8696,0.4720,0.7137,0.3873,0.8724,0.4735,0.793,0.4304,,0.542733643986811
0.394,0.7821,0.4245,0.9558,0.5187,0.869,0.4716,0.7134,0.3872,0.8717,0.4731,0.7926,0.4302,,0.542733643986811
0.3941,0.7818,0.4243,0.9548,0.5182,0.8683,0.4713,0.7132,0.3871,0.871,0.4727,0.7921,0.4299,,0.542733643986811
0.3942,0.7815,0.4241,0.9539,0.5177,0.8677,0.4709,0.713,0.3870,0.8702,0.4723,0.7916,0.4296,,0.542733643986811
0.3943,0.7813,0.4240,0.9529,0.5172,0.8671,0.4706,0.7129,0.3869,0.8694,0.4719,0.7911,0.4294,,0.542733643986811
0.3944,0.781,0.4239,0.9519,0.5166,0.8664,0.4702,0.7127,0.3868,0.8686,0.4714,0.7906,0.4291,,0.542733643986811
0.3945,0.7808,0.4238,0.9508,0.5160,0.8658,0.4699,0.7126,0.3868,0.8677,0.4709,0.7902,0.4289,,0.542733643986811
0.3946,0.7806,0.4237,0.9497,0.5154,0.8652,0.4696,0.7125,0.3867,0.8668,0.4704,0.7897,0.4286,,0.542733643986811
0.3947,0.7804,0.4235,0.9486,0.5148,0.8645,0.4692,0.7124,0.3866,0.8659,0.4700,0.7892,0.4283,,0.542733643986811
0.3948,0.7803,0.4235,0.9474,0.5142,0.8639,0.4689,0.7124,0.3866,0.8649,0.4694,0.7887,0.4281,,0.542733643986811
0.3949,0.7802,0.4234,0.9462,0.5135,0.8632,0.4685,0.7124,0.3866,0.8639,0.4689,0.7882,0.4278,,0.542733643986811
0.395,0.7801,0.4234,0.945,0.5129,0.8625,0.4681,0.7124,0.3866,0.8629,0.4683,0.7876,0.4275,,0.542733643986811
0.3951,0.78,0.4233,0.9437,0.5122,0.8619,0.4678,0.7124,0.3866,0.8618,0.4677,0.7871,0.4272,,0.542733643986811
0.3952,0.78,0.4233,0.9424,0.5115,0.8612,0.4674,0.7124,0.3866,0.8607,0.4671,0.7866,0.4269,,0.542733643986811
0.3953,0.78,0.4233,0.9411,0.5108,0.8605,0.4670,0.7125,0.3867,0.8596,0.4665,0.7861,0.4266,,0.542733643986811
0.3954,0.78,0.4233,0.9397,0.5100,0.8598,0.4666,0.7126,0.3868,0.8584,0.4659,0.7855,0.4263,,0.542733643986811
0.3955,0.78,0.4233,0.9382,0.5092,0.8591,0.4663,0.7127,0.3868,0.8572,0.4652,0.785,0.4260,,0.542733643986811
0.3956,0.78,0.4233,0.9368,0.5084,0.8584,0.4659,0.7128,0.3869,0.856,0.4646,0.7844,0.4257,,0.542733643986811
0.3957,0.7801,0.4234,0.9353,0.5076,0.8577,0.4655,0.7129,0.3869,0.8547,0.4639,0.7838,0.4254,,0.542733643986811
0.3958,0.7801,0.4234,0.9337,0.5068,0.8569,0.4651,0.7131,0.3870,0.8534,0.4632,0.7832,0.4251,,0.542733643986811
0.3959,0.7803,0.4235,0.9321,0.5059,0.8562,0.4647,0.7132,0.3871,0.852,0.4624,0.7826,0.4247,,0.542733643986811
0.396,0.7804,0.4235,0.9305,0.5050,0.8554,0.4643,0.7134,0.3872,0.8506,0.4616,0.782,0.4244,,0.542733643986811
0.3961,0.7806,0.4237,0.9288,0.5041,0.8547,0.4639,0.7136,0.3873,0.8491,0.4608,0.7814,0.4241,,0.542733643986811
0.3962,0.7807,0.4237,0.927,0.5031,0.8539,0.4634,0.7139,0.3875,0.8476,0.4600,0.7807,0.4237,,0.542733643986811
0.3963,0.781,0.4239,0.9253,0.5022,0.8531,0.4630,0.7141,0.3876,0.846,0.4592,0.7801,0.4234,,0.542733643986811
0.3964,0.7812,0.4240,0.9234,0.5012,0.8523,0.4626,0.7144,0.3877,0.8444,0.4583,0.7794,0.4230,,0.542733643986811
0.3965,0.7814,0.4241,0.9215,0.5001,0.8515,0.4621,0.7147,0.3879,0.8427,0.4574,0.7787,0.4226,,0.542733643986811
0.3966,0.7817,0.4243,0.9196,0.4991,0.8507,0.4617,0.715,0.3881,0.841,0.4564,0.778,0.4222,,0.542733643986811
0.3967,0.782,0.4244,0.9176,0.4980,0.8498,0.4612,0.7153,0.3882,0.8392,0.4555,0.7773,0.4219,,0.542733643986811
0.3968,0.7823,0.4246,0.9156,0.4969,0.8489,0.4607,0.7156,0.3884,0.8374,0.4545,0.7765,0.4214,,0.542733643986811
0.3969,0.7827,0.4248,0.9135,0.4958,0.8481,0.4603,0.716,0.3886,0.8355,0.4535,0.7757,0.4210,,0.542733643986811
0.397,0.783,0.4250,0.9113,0.4946,0.8472,0.4598,0.7163,0.3888,0.8336,0.4524,0.775,0.4206,,0.542733643986811
0.3971,0.7834,0.4252,0.9091,0.4934,0.8463,0.4593,0.7167,0.3890,0.8316,0.4513,0.7742,0.4202,,0.542733643986811
0.3972,0.7838,0.4254,0.9069,0.4922,0.8453,0.4588,0.7171,0.3892,0.8296,0.4503,0.7733,0.4197,,0.542733643986811
0.3973,0.7842,0.4256,0.9046,0.4910,0.8444,0.4583,0.7175,0.3894,0.8275,0.4491,0.7725,0.4193,,0.542733643986811
0.3974,0.7846,0.4258,0.9023,0.4897,0.8435,0.4578,0.7179,0.3896,0.8254,0.4480,0.7717,0.4188,,0.542733643986811
0.3975,0.7851,0.4261,0.8999,0.4884,0.8425,0.4573,0.7183,0.3898,0.8233,0.4468,0.7708,0.4183,,0.542733643986811
0.3976,0.7856,0.4264,0.8975,0.4871,0.8415,0.4567,0.7188,0.3901,0.8211,0.4456,0.7699,0.4179,,0.542733643986811
0.3977,0.7861,0.4266,0.895,0.4857,0.8405,0.4562,0.7192,0.3903,0.8188,0.4444,0.769,0.4174,,0.542733643986811
0.3978,0.7866,0.4269,0.8925,0.4844,0.8395,0.4556,0.7197,0.3906,0.8165,0.4431,0.7681,0.4169,,0.542733643986811
0.3979,0.7872,0.4272,0.8899,0.4830,0.8385,0.4551,0.7202,0.3909,0.8142,0.4419,0.7672,0.4164,,0.542733643986811
0.398,0.7877,0.4275,0.8873,0.4816,0.8375,0.4545,0.7207,0.3911,0.8118,0.4406,0.7663,0.4159,,0.542733643986811
0.3981,0.7883,0.4278,0.8847,0.4802,0.8365,0.4540,0.7212,0.3914,0.8094,0.4393,0.7653,0.4154,,0.542733643986811
0.3982,0.7889,0.4282,0.882,0.4787,0.8355,0.4535,0.7217,0.3917,0.8069,0.4379,0.7643,0.4148,,0.542733643986811
0.3983,0.7895,0.4285,0.8793,0.4772,0.8344,0.4529,0.7223,0.3920,0.8044,0.4366,0.7634,0.4143,,0.542733643986811
0.3984,0.7901,0.4288,0.8766,0.4758,0.8333,0.4523,0.7228,0.3923,0.8019,0.4352,0.7624,0.4138,,0.542733643986811
0.3985,0.7907,0.4291,0.8738,0.4742,0.8323,0.4517,0.7234,0.3926,0.7993,0.4338,0.7614,0.4132,,0.542733643986811
0.3986,0.7914,0.4295,0.871,0.4727,0.8312,0.4511,0.7239,0.3929,0.7967,0.4324,0.7603,0.4126,,0.542733643986811
0.3987,0.792,0.4298,0.8681,0.4711,0.8301,0.4505,0.7245,0.3932,0.7941,0.4310,0.7593,0.4121,,0.542733643986811
0.3988,0.7927,0.4302,0.8652,0.4696,0.829,0.4499,0.7251,0.3935,0.7913,0.4295,0.7582,0.4115,,0.542733643986811
0.3989,0.7934,0.4306,0.8622,0.4679,0.8278,0.4493,0.7257,0.3939,0.7886,0.4280,0.7572,0.4110,,0.542733643986811
0.399,0.7941,0.4310,0.8592,0.4663,0.8267,0.4487,0.7263,0.3942,0.7858,0.4265,0.7561,0.4104,,0.542733643986811
0.3991,0.7948,0.4314,0.8561,0.4646,0.8255,0.4480,0.727,0.3946,0.7829,0.4249,0.755,0.4098,,0.542733643986811
0.3992,0.7956,0.4318,0.8529,0.4629,0.8243,0.4474,0.7276,0.3949,0.78,0.4233,0.7538,0.4091,,0.542733643986811
0.3993,0.7964,0.4322,0.8497,0.4612,0.8231,0.4467,0.7283,0.3953,0.7771,0.4218,0.7527,0.4085,,0.542733643986811
0.3994,0.7971,0.4326,0.8465,0.4594,0.8218,0.4460,0.729,0.3957,0.774,0.4201,0.7515,0.4079,,0.542733643986811
0.3995,0.7979,0.4330,0.8432,0.4576,0.8205,0.4453,0.7297,0.3960,0.771,0.4184,0.7503,0.4072,,0.542733643986811
0.3996,0.7987,0.4335,0.8398,0.4558,0.8193,0.4447,0.7304,0.3964,0.7679,0.4168,0.7491,0.4066,,0.542733643986811
0.3997,0.7995,0.4339,0.8364,0.4539,0.818,0.4440,0.7311,0.3968,0.7647,0.4150,0.7479,0.4059,,0.542733643986811
0.3998,0.8003,0.4343,0.8329,0.4520,0.8166,0.4432,0.7318,0.3972,0.7615,0.4133,0.7467,0.4053,,0.542733643986811
0.3999,0.8012,0.4348,0.8294,0.4501,0.8153,0.4425,0.7325,0.3976,0.7583,0.4116,0.7454,0.4046,,0.542733643986811
0.4,0.802,0.4353,0.8258,0.4482,0.8139,0.4417,0.7333,0.3980,0.7549,0.4097,0.7441,0.4038,,0.542733643986811
0.4001,0.8029,0.4358,0.8221,0.4462,0.8125,0.4410,0.734,0.3984,0.7516,0.4079,0.7428,0.4031,,0.542733643986811
0.4002,0.8037,0.4362,0.8184,0.4442,0.8111,0.4402,0.7348,0.3988,0.7482,0.4061,0.7415,0.4024,,0.542733643986811
0.4003,0.8046,0.4367,0.8147,0.4422,0.8096,0.4394,0.7356,0.3992,0.7448,0.4042,0.7402,0.4017,,0.542733643986811
0.4004,0.8055,0.4372,0.8109,0.4401,0.8082,0.4386,0.7364,0.3997,0.7413,0.4023,0.7388,0.4010,,0.542733643986811
0.4005,0.8063,0.4376,0.807,0.4380,0.8067,0.4378,0.7371,0.4000,0.7377,0.4004,0.7374,0.4002,,0.542733643986811
0.4006,0.8072,0.4381,0.8031,0.4359,0.8052,0.4370,0.7379,0.4005,0.7342,0.3985,0.7361,0.3995,,0.542733643986811
0.4007,0.8081,0.4386,0.7992,0.4338,0.8036,0.4361,0.7387,0.4009,0.7305,0.3965,0.7346,0.3987,,0.542733643986811
0.4008,0.809,0.4391,0.7951,0.4315,0.8021,0.4353,0.7396,0.4014,0.7269,0.3945,0.7332,0.3979,,0.542733643986811
0.4009,0.8099,0.4396,0.7911,0.4294,0.8005,0.4345,0.7404,0.4018,0.7231,0.3925,0.7318,0.3972,,0.542733643986811
0.401,0.8108,0.4400,0.7869,0.4271,0.7988,0.4335,0.7412,0.4023,0.7194,0.3904,0.7303,0.3964,,0.542733643986811
0.4011,0.8116,0.4405,0.7828,0.4249,0.7972,0.4327,0.742,0.4027,0.7156,0.3884,0.7288,0.3955,,0.542733643986811
0.4012,0.8126,0.4410,0.7785,0.4225,0.7955,0.4317,0.7429,0.4032,0.7117,0.3863,0.7273,0.3947,,0.542733643986811
0.4013,0.8135,0.4415,0.7743,0.4202,0.7939,0.4309,0.7437,0.4036,0.7079,0.3842,0.7258,0.3939,,0.542733643986811
0.4014,0.8144,0.4420,0.7699,0.4179,0.7922,0.4300,0.7446,0.4041,0.7039,0.3820,0.7243,0.3931,,0.542733643986811
0.4015,0.8153,0.4425,0.7656,0.4155,0.7904,0.4290,0.7455,0.4046,0.6999,0.3799,0.7227,0.3922,,0.542733643986811
0.4016,0.8162,0.4430,0.7611,0.4131,0.7887,0.4281,0.7464,0.4051,0.6959,0.3777,0.7211,0.3914,,0.542733643986811
0.4017,0.8171,0.4435,0.7566,0.4106,0.7869,0.4271,0.7472,0.4055,0.6919,0.3755,0.7195,0.3905,,0.542733643986811
0.4018,0.8181,0.4440,0.7521,0.4082,0.7851,0.4261,0.7481,0.4060,0.6878,0.3733,0.7179,0.3896,,0.542733643986811
0.4019,0.819,0.4445,0.7475,0.4057,0.7832,0.4251,0.749,0.4065,0.6836,0.3710,0.7163,0.3888,,0.542733643986811
0.402,0.8199,0.4450,0.7429,0.4032,0.7814,0.4241,0.7499,0.4070,0.6794,0.3687,0.7147,0.3879,,0.542733643986811
0.4021,0.8208,0.4455,0.7382,0.4006,0.7795,0.4231,0.7508,0.4075,0.6752,0.3665,0.713,0.3870,,0.542733643986811
0.4022,0.8217,0.4460,0.7335,0.3981,0.7776,0.4220,0.7517,0.4080,0.6709,0.3641,0.7113,0.3860,,0.542733643986811
0.4023,0.8226,0.4465,0.7287,0.3955,0.7756,0.4209,0.7526,0.4085,0.6666,0.3618,0.7096,0.3851,,0.542733643986811
0.4024,0.8235,0.4469,0.7238,0.3928,0.7737,0.4199,0.7535,0.4089,0.6622,0.3594,0.7078,0.3841,,0.542733643986811
0.4025,0.8244,0.4474,0.7189,0.3902,0.7716,0.4188,0.7544,0.4094,0.6578,0.3570,0.7061,0.3832,,0.542733643986811
0.4026,0.8253,0.4479,0.7139,0.3875,0.7696,0.4177,0.7552,0.4099,0.6533,0.3546,0.7043,0.3822,,0.542733643986811
0.4027,0.8262,0.4484,0.7089,0.3847,0.7675,0.4165,0.7561,0.4104,0.6488,0.3521,0.7024,0.3812,,0.542733643986811
0.4028,0.827,0.4488,0.7038,0.3820,0.7654,0.4154,0.757,0.4108,0.6442,0.3496,0.7006,0.3802,,0.542733643986811
0.4029,0.8279,0.4493,0.6987,0.3792,0.7633,0.4143,0.7579,0.4113,0.6395,0.3471,0.6987,0.3792,,0.542733643986811
0.403,0.8287,0.4498,0.6935,0.3764,0.7611,0.4131,0.7587,0.4118,0.6348,0.3445,0.6968,0.3782,,0.542733643986811
0.4031,0.8296,0.4503,0.6882,0.3735,0.7589,0.4119,0.7596,0.4123,0.6301,0.3420,0.6949,0.3771,,0.542733643986811
0.4032,0.8304,0.4507,0.6829,0.3706,0.7567,0.4107,0.7604,0.4127,0.6253,0.3394,0.6929,0.3761,,0.542733643986811
0.4033,0.8312,0.4511,0.6775,0.3677,0.7544,0.4094,0.7613,0.4132,0.6205,0.3368,0.6909,0.3750,,0.542733643986811
0.4034,0.832,0.4516,0.6721,0.3648,0.7521,0.4082,0.7621,0.4136,0.6156,0.3341,0.6889,0.3739,,0.542733643986811
0.4035,0.8328,0.4520,0.6667,0.3618,0.7497,0.4069,0.7629,0.4141,0.6107,0.3314,0.6868,0.3727,,0.542733643986811
0.4036,0.8336,0.4524,0.6612,0.3589,0.7474,0.4056,0.7637,0.4145,0.6057,0.3287,0.6847,0.3716,,0.542733643986811
0.4037,0.8344,0.4529,0.6556,0.3558,0.745,0.4043,0.7645,0.4149,0.6007,0.3260,0.6826,0.3705,,0.542733643986811
0.4038,0.8351,0.4532,0.65,0.3528,0.7426,0.4030,0.7653,0.4154,0.5956,0.3233,0.6805,0.3693,,0.542733643986811
0.4039,0.8358,0.4536,0.6444,0.3497,0.7401,0.4017,0.766,0.4157,0.5905,0.3205,0.6783,0.3681,,0.542733643986811
0.404,0.8365,0.4540,0.6387,0.3466,0.7376,0.4003,0.7668,0.4162,0.5854,0.3177,0.6761,0.3669,,0.542733643986811
0.4041,0.8372,0.4544,0.633,0.3436,0.7351,0.3990,0.7675,0.4165,0.5802,0.3149,0.6739,0.3657,,0.542733643986811
0.4042,0.8379,0.4548,0.6272,0.3404,0.7326,0.3976,0.7682,0.4169,0.575,0.3121,0.6716,0.3645,,0.542733643986811
0.4043,0.8386,0.4551,0.6214,0.3373,0.73,0.3962,0.7689,0.4173,0.5697,0.3092,0.6693,0.3633,,0.542733643986811
0.4044,0.8392,0.4555,0.6155,0.3341,0.7274,0.3948,0.7695,0.4176,0.5644,0.3063,0.667,0.3620,,0.542733643986811
0.4045,0.8398,0.4558,0.6096,0.3309,0.7247,0.3933,0.7702,0.4180,0.559,0.3034,0.6646,0.3607,,0.542733643986811
0.4046,0.8404,0.4561,0.6036,0.3276,0.722,0.3919,0.7708,0.4183,0.5536,0.3005,0.6622,0.3594,,0.542733643986811
0.4047,0.841,0.4564,0.5976,0.3243,0.7193,0.3904,0.7714,0.4187,0.5482,0.2975,0.6598,0.3581,,0.542733643986811
0.4048,0.8415,0.4567,0.5916,0.3211,0.7166,0.3889,0.772,0.4190,0.5427,0.2945,0.6573,0.3567,,0.542733643986811
0.4049,0.8421,0.4570,0.5855,0.3178,0.7138,0.3874,0.7726,0.4193,0.5371,0.2915,0.6548,0.3554,,0.542733643986811
0.405,0.8426,0.4573,0.5793,0.3144,0.711,0.3859,0.7731,0.4196,0.5315,0.2885,0.6523,0.3540,,0.542733643986811
0.4051,0.8431,0.4576,0.5732,0.3111,0.7081,0.3843,0.7736,0.4199,0.5259,0.2854,0.6497,0.3526,,0.542733643986811
0.4052,0.8435,0.4578,0.5669,0.3077,0.7052,0.3827,0.7741,0.4201,0.5202,0.2823,0.6471,0.3512,,0.542733643986811
0.4053,0.844,0.4581,0.5607,0.3043,0.7023,0.3812,0.7745,0.4203,0.5145,0.2792,0.6445,0.3498,,0.542733643986811
0.4054,0.8444,0.4583,0.5544,0.3009,0.6994,0.3796,0.7749,0.4206,0.5088,0.2761,0.6419,0.3484,,0.542733643986811
0.4055,0.8447,0.4584,0.5481,0.2975,0.6964,0.3780,0.7753,0.4208,0.503,0.2730,0.6392,0.3469,,0.542733643986811
0.4056,0.8451,0.4587,0.5417,0.2940,0.6934,0.3763,0.7757,0.4210,0.4972,0.2698,0.6364,0.3454,,0.542733643986811
0.4057,0.8454,0.4588,0.5353,0.2905,0.6904,0.3747,0.776,0.4212,0.4913,0.2666,0.6337,0.3439,,0.542733643986811
0.4058,0.8457,0.4590,0.5289,0.2871,0.6873,0.3730,0.7763,0.4213,0.4854,0.2634,0.6309,0.3424,,0.542733643986811
0.4059,0.8459,0.4591,0.5224,0.2835,0.6842,0.3713,0.7765,0.4214,0.4795,0.2602,0.628,0.3408,,0.542733643986811
0.406,0.8461,0.4592,0.5159,0.2800,0.681,0.3696,0.7767,0.4215,0.4736,0.2570,0.6251,0.3393,,0.542733643986811
0.4061,0.8463,0.4593,0.5093,0.2764,0.6778,0.3679,0.7769,0.4216,0.4676,0.2538,0.6222,0.3377,,0.542733643986811
0.4062,0.8465,0.4594,0.5028,0.2729,0.6746,0.3661,0.777,0.4217,0.4615,0.2505,0.6193,0.3361,,0.542733643986811
0.4063,0.8466,0.4595,0.4962,0.2693,0.6714,0.3644,0.7771,0.4218,0.4555,0.2472,0.6163,0.3345,,0.542733643986811
0.4064,0.8466,0.4595,0.4896,0.2657,0.6681,0.3626,0.7772,0.4218,0.4494,0.2439,0.6133,0.3329,,0.542733643986811
0.4065,0.8466,0.4595,0.4829,0.2621,0.6648,0.3608,0.7772,0.4218,0.4433,0.2406,0.6102,0.3312,,0.542733643986811
0.4066,0.8466,0.4595,0.4763,0.2585,0.6614,0.3590,0.7771,0.4218,0.4372,0.2373,0.6072,0.3295,,0.542733643986811
0.4067,0.8465,0.4594,0.4696,0.2549,0.6581,0.3572,0.777,0.4217,0.4311,0.2340,0.6041,0.3279,,0.542733643986811
0.4068,0.8464,0.4594,0.4629,0.2512,0.6547,0.3553,0.7769,0.4216,0.4249,0.2306,0.6009,0.3261,,0.542733643986811
0.4069,0.8463,0.4593,0.4562,0.2476,0.6512,0.3534,0.7767,0.4215,0.4188,0.2273,0.5978,0.3244,,0.542733643986811
0.407,0.8461,0.4592,0.4495,0.2440,0.6478,0.3516,0.7765,0.4214,0.4126,0.2239,0.5946,0.3227,,0.542733643986811
0.4071,0.8458,0.4590,0.4428,0.2403,0.6443,0.3497,0.7763,0.4213,0.4064,0.2206,0.5913,0.3209,,0.542733643986811
0.4072,0.8455,0.4589,0.4361,0.2367,0.6408,0.3478,0.776,0.4212,0.4002,0.2172,0.5881,0.3192,,0.542733643986811
0.4073,0.8452,0.4587,0.4293,0.2330,0.6373,0.3459,0.7756,0.4209,0.394,0.2138,0.5848,0.3174,,0.542733643986811
0.4074,0.8448,0.4585,0.4226,0.2294,0.6337,0.3439,0.7752,0.4207,0.3878,0.2105,0.5815,0.3156,,0.542733643986811
0.4075,0.8444,0.4583,0.4158,0.2257,0.6301,0.3420,0.7748,0.4205,0.3815,0.2071,0.5782,0.3138,,0.542733643986811
0.4076,0.8439,0.4580,0.409,0.2220,0.6264,0.3400,0.7743,0.4202,0.3753,0.2037,0.5748,0.3120,,0.542733643986811
0.4077,0.8433,0.4577,0.4022,0.2183,0.6228,0.3380,0.7738,0.4200,0.3691,0.2003,0.5714,0.3101,,0.542733643986811
0.4078,0.8428,0.4574,0.3954,0.2146,0.6191,0.3360,0.7732,0.4196,0.3628,0.1969,0.568,0.3083,,0.542733643986811
0.4079,0.8421,0.4570,0.3886,0.2109,0.6154,0.3340,0.7726,0.4193,0.3565,0.1935,0.5646,0.3064,,0.542733643986811
0.408,0.8415,0.4567,0.3818,0.2072,0.6117,0.3320,0.7719,0.4189,0.3503,0.1901,0.5611,0.3045,,0.542733643986811
0.4081,0.8408,0.4563,0.375,0.2035,0.6079,0.3299,0.7712,0.4186,0.344,0.1867,0.5576,0.3026,,0.542733643986811
0.4082,0.84,0.4559,0.3682,0.1998,0.6041,0.3279,0.7705,0.4182,0.3378,0.1833,0.5541,0.3007,,0.542733643986811
0.4083,0.8392,0.4555,0.3614,0.1961,0.6003,0.3258,0.7697,0.4177,0.3315,0.1799,0.5506,0.2988,,0.542733643986811
0.4084,0.8383,0.4550,0.3546,0.1925,0.5965,0.3237,0.7688,0.4173,0.3252,0.1765,0.547,0.2969,,0.542733643986811
0.4085,0.8374,0.4545,0.3478,0.1888,0.5926,0.3216,0.768,0.4168,0.319,0.1731,0.5435,0.2950,,0.542733643986811
0.4086,0.8364,0.4539,0.341,0.1851,0.5887,0.3195,0.767,0.4163,0.3127,0.1697,0.5399,0.2930,,0.542733643986811
0.4087,0.8354,0.4534,0.3342,0.1814,0.5848,0.3174,0.766,0.4157,0.3065,0.1663,0.5363,0.2911,,0.542733643986811
0.4088,0.8343,0.4528,0.3274,0.1777,0.5809,0.3153,0.765,0.4152,0.3003,0.1630,0.5326,0.2891,,0.542733643986811
0.4089,0.8332,0.4522,0.3207,0.1741,0.5769,0.3131,0.7639,0.4146,0.2941,0.1596,0.529,0.2871,,0.542733643986811
0.409,0.832,0.4516,0.3139,0.1704,0.573,0.3110,0.7628,0.4140,0.2879,0.1563,0.5253,0.2851,,0.542733643986811
0.4091,0.8307,0.4508,0.3072,0.1667,0.569,0.3088,0.7616,0.4133,0.2817,0.1529,0.5216,0.2831,,0.542733643986811
0.4092,0.8293,0.4501,0.3005,0.1631,0.5649,0.3066,0.7603,0.4126,0.2755,0.1495,0.5179,0.2811,,0.542733643986811
0.4093,0.8279,0.4493,0.2938,0.1595,0.5609,0.3044,0.759,0.4119,0.2694,0.1462,0.5142,0.2791,,0.542733643986811
0.4094,0.8265,0.4486,0.2872,0.1559,0.5568,0.3022,0.7576,0.4112,0.2633,0.1429,0.5105,0.2771,,0.542733643986811
0.4095,0.8249,0.4477,0.2806,0.1523,0.5527,0.3000,0.7562,0.4104,0.2573,0.1396,0.5067,0.2750,,0.542733643986811
0.4096,0.8233,0.4468,0.274,0.1487,0.5487,0.2978,0.7547,0.4096,0.2512,0.1363,0.503,0.2730,,0.542733643986811
0.4097,0.8216,0.4459,0.2675,0.1452,0.5445,0.2955,0.7532,0.4088,0.2452,0.1331,0.4992,0.2709,,0.542733643986811
0.4098,0.8199,0.4450,0.261,0.1417,0.5404,0.2933,0.7516,0.4079,0.2393,0.1299,0.4954,0.2689,,0.542733643986811
0.4099,0.8181,0.4440,0.2545,0.1381,0.5363,0.2911,0.75,0.4071,0.2333,0.1266,0.4917,0.2669,,0.542733643986811
0.41,0.8163,0.4430,0.2481,0.1347,0.5322,0.2888,0.7483,0.4061,0.2275,0.1235,0.4879,0.2648,,0.542733643986811
0.4101,0.8143,0.4419,0.2417,0.1312,0.528,0.2866,0.7465,0.4052,0.2216,0.1203,0.4841,0.2627,,0.542733643986811
0.4102,0.8123,0.4409,0.2354,0.1278,0.5239,0.2843,0.7447,0.4042,0.2159,0.1172,0.4803,0.2607,,0.542733643986811
0.4103,0.8103,0.4398,0.2291,0.1243,0.5197,0.2821,0.7429,0.4032,0.2101,0.1140,0.4765,0.2586,,0.542733643986811
0.4104,0.8081,0.4386,0.2229,0.1210,0.5155,0.2798,0.7409,0.4021,0.2044,0.1109,0.4727,0.2566,,0.542733643986811
0.4105,0.8059,0.4374,0.2167,0.1176,0.5113,0.2775,0.739,0.4011,0.1988,0.1079,0.4689,0.2545,,0.542733643986811
0.4106,0.8036,0.4361,0.2106,0.1143,0.5071,0.2752,0.7369,0.3999,0.1931,0.1048,0.465,0.2524,,0.542733643986811
0.4107,0.8013,0.4349,0.2045,0.1110,0.5029,0.2729,0.7348,0.3988,0.1876,0.1018,0.4612,0.2503,,0.542733643986811
0.4108,0.7988,0.4335,0.1985,0.1077,0.4987,0.2707,0.7327,0.3977,0.1821,0.0988,0.4574,0.2482,,0.542733643986811
0.4109,0.7963,0.4322,0.1925,0.1045,0.4944,0.2683,0.7304,0.3964,0.1766,0.0958,0.4535,0.2461,,0.542733643986811
0.411,0.7938,0.4308,0.1866,0.1013,0.4902,0.2660,0.7281,0.3952,0.1712,0.0929,0.4497,0.2441,,0.542733643986811
0.4111,0.7911,0.4294,0.1807,0.0981,0.4859,0.2637,0.7258,0.3939,0.1659,0.0900,0.4458,0.2420,,0.542733643986811
0.4112,0.7884,0.4279,0.1749,0.0949,0.4817,0.2614,0.7234,0.3926,0.1606,0.0872,0.442,0.2399,,0.542733643986811
0.4113,0.7856,0.4264,0.1692,0.0918,0.4774,0.2591,0.7209,0.3913,0.1553,0.0843,0.4381,0.2378,,0.542733643986811
0.4114,0.7828,0.4249,0.1635,0.0887,0.4731,0.2568,0.7184,0.3899,0.1501,0.0815,0.4342,0.2357,,0.542733643986811
0.4115,0.7799,0.4233,0.1579,0.0857,0.4689,0.2545,0.7158,0.3885,0.145,0.0787,0.4304,0.2336,,0.542733643986811
0.4116,0.7769,0.4216,0.1523,0.0827,0.4646,0.2522,0.7131,0.3870,0.1399,0.0759,0.4265,0.2315,,0.542733643986811
0.4117,0.7738,0.4200,0.1468,0.0797,0.4603,0.2498,0.7104,0.3856,0.1349,0.0732,0.4226,0.2294,,0.542733643986811
0.4118,0.7707,0.4183,0.1414,0.0767,0.4561,0.2475,0.7076,0.3840,0.1299,0.0705,0.4188,0.2273,,0.542733643986811
0.4119,0.7675,0.4165,0.1361,0.0739,0.4518,0.2452,0.7047,0.3825,0.125,0.0678,0.4149,0.2252,,0.542733643986811
0.412,0.7642,0.4148,0.1308,0.0710,0.4475,0.2429,0.7018,0.3809,0.1202,0.0652,0.411,0.2231,,0.542733643986811
0.4121,0.7609,0.4130,0.1257,0.0682,0.4433,0.2406,0.6988,0.3793,0.1155,0.0627,0.4072,0.2210,,0.542733643986811
0.4122,0.7575,0.4111,0.1206,0.0655,0.439,0.2383,0.6958,0.3776,0.1108,0.0601,0.4033,0.2189,,0.542733643986811
0.4123,0.754,0.4092,0.1156,0.0627,0.4348,0.2360,0.6927,0.3760,0.1063,0.0577,0.3995,0.2168,,0.542733643986811
0.4124,0.7504,0.4073,0.1107,0.0601,0.4305,0.2336,0.6895,0.3742,0.1018,0.0553,0.3956,0.2147,,0.542733643986811
0.4125,0.7468,0.4053,0.1058,0.0574,0.4263,0.2314,0.6862,0.3724,0.0973,0.0528,0.3918,0.2126,,0.542733643986811
0.4126,0.7431,0.4033,0.1011,0.0549,0.4221,0.2291,0.6829,0.3706,0.093,0.0505,0.388,0.2106,,0.542733643986811
0.4127,0.7393,0.4012,0.0964,0.0523,0.4179,0.2268,0.6795,0.3688,0.0887,0.0481,0.3841,0.2085,,0.542733643986811
0.4128,0.7354,0.3991,0.0919,0.0499,0.4136,0.2245,0.676,0.3669,0.0846,0.0459,0.3803,0.2064,,0.542733643986811
0.4129,0.7314,0.3970,0.0874,0.0474,0.4094,0.2222,0.6725,0.3650,0.0805,0.0437,0.3765,0.2043,,0.542733643986811
0.413,0.7274,0.3948,0.0831,0.0451,0.4052,0.2199,0.6689,0.3630,0.0765,0.0415,0.3727,0.2023,,0.542733643986811
0.4131,0.7233,0.3926,0.0788,0.0428,0.4011,0.2177,0.6652,0.3610,0.0726,0.0394,0.3689,0.2002,,0.542733643986811
0.4132,0.7191,0.3903,0.0747,0.0405,0.3969,0.2154,0.6614,0.3590,0.0688,0.0373,0.3651,0.1982,,0.542733643986811
0.4133,0.7148,0.3879,0.0706,0.0383,0.3927,0.2131,0.6576,0.3569,0.0651,0.0353,0.3613,0.1961,,0.542733643986811
0.4134,0.7105,0.3856,0.0667,0.0362,0.3886,0.2109,0.6536,0.3547,0.0614,0.0333,0.3575,0.1940,,0.542733643986811
0.4135,0.7061,0.3832,0.0628,0.0341,0.3845,0.2087,0.6497,0.3526,0.0579,0.0314,0.3538,0.1920,,0.542733643986811
0.4136,0.7016,0.3808,0.0591,0.0321,0.3803,0.2064,0.6456,0.3504,0.0545,0.0296,0.35,0.1900,,0.542733643986811
0.4137,0.697,0.3783,0.0555,0.0301,0.3763,0.2042,0.6415,0.3482,0.0511,0.0277,0.3463,0.1879,,0.542733643986811
0.4138,0.6924,0.3758,0.0519,0.0282,0.3722,0.2020,0.6373,0.3459,0.0479,0.0260,0.3426,0.1859,,0.542733643986811
0.4139,0.6877,0.3732,0.0485,0.0263,0.3681,0.1998,0.633,0.3436,0.0448,0.0243,0.3389,0.1839,,0.542733643986811
0.414,0.683,0.3707,0.0452,0.0245,0.3641,0.1976,0.6287,0.3412,0.0417,0.0226,0.3352,0.1819,,0.542733643986811
0.4141,0.6781,0.3680,0.042,0.0228,0.3601,0.1954,0.6243,0.3388,0.0388,0.0211,0.3315,0.1799,,0.542733643986811
0.4142,0.6732,0.3654,0.0389,0.0211,0.3561,0.1933,0.6198,0.3364,0.0359,0.0195,0.3279,0.1780,,0.542733643986811
0.4143,0.6683,0.3627,0.0359,0.0195,0.3521,0.1911,0.6153,0.3339,0.0332,0.0180,0.3243,0.1760,,0.542733643986811
0.4144,0.6632,0.3599,0.0331,0.0180,0.3482,0.1890,0.6107,0.3314,0.0306,0.0166,0.3206,0.1740,,0.542733643986811
0.4145,0.6581,0.3572,0.0303,0.0164,0.3442,0.1868,0.6061,0.3290,0.028,0.0152,0.317,0.1720,,0.542733643986811
0.4146,0.653,0.3544,0.0277,0.0150,0.3403,0.1847,0.6013,0.3263,0.0256,0.0139,0.3135,0.1701,,0.542733643986811
0.4147,0.6477,0.3515,0.0252,0.0137,0.3364,0.1826,0.5965,0.3237,0.0233,0.0126,0.3099,0.1682,,0.542733643986811
0.4148,0.6424,0.3487,0.0228,0.0124,0.3326,0.1805,0.5916,0.3211,0.0211,0.0115,0.3064,0.1663,,0.542733643986811
0.4148,0.637,0.3457,0.0205,0.0111,0.3288,0.1785,0.5892,0.3198,0.02,0.0109,0.3046,0.1653,,0.542733643986811
0.4149,0.6316,0.3428,0.0183,0.0099,0.325,0.1764,0.5868,0.3185,0.0189,0.0103,0.3028,0.1643,,0.542733643986811
